{"song_time": [326.8353250026703], "words_len_list": [2048], "ave token time:": 6.266152534103428, "ave song time": 326.8353250026703}