{"song_time": [160.61490488052368], "words_len_list": [1024], "ave token time:": 6.375497969890908, "ave song time": 160.61490488052368}