{"song_time": [154.6862335205078], "words_len_list": [1024], "ave token time:": 6.619852178792894, "ave song time": 154.6862335205078}