{"song_time": [147.93881607055664], "words_len_list": [1024], "ave token time:": 6.921780417058511, "ave song time": 147.93881607055664}